{
  "train_rmse": 0.6452069634738061,
  "test_rmse": 1.2252218684880378,
  "train_r2": 0.9994227482746106,
  "test_r2": 0.9980596771463055,
  "test_mae": 0.7715350079410146,
  "cv_r2_mean": 0.9963932386502903,
  "cv_r2_std": 0.0018333046642070735,
  "best_params": {
    "learning_rate": 0.1,
    "max_depth": 3,
    "n_estimators": 200
  }
}